{
  "-12": 0.9909688013136289,
  "-11": 0.9967159277504105,
  "-10": 0.9983579638752053,
  "-9": 0.9958949096880131,
  "-8": 0.9950738916256158,
  "-7": 0.9926108374384236,
  "-6": 0.9917898193760263,
  "-5": 0.9893267651888341,
  "-4": 0.9901477832512315,
  "-3": 0.9926108374384236,
  "-2": 0.9950738916256158,
  "-1": 0.9901477832512315
}